Speaker_ID,L1_Background,Accent_Strength
ABA,Arabic,3
ASI,Hindi,3
BWC,Chinese,3
EBVS,Spanish,5
ERMS,Spanish,3
HJK,Korean,1
HKK,Korean,3
HQTV,Vietnamese,2
LXC,Chinese,3
MBMPS,Spanish,2
NCC,Chinese,2
NJS,Spanish,3
PNV,Vietnamese,1
RRBI,Hindi,4
SKA,Arabic,5
SVBI,Hindi,5
THV,Vietnamese,3
TLV,Vietnamese,3
TNI,Hindi,2
TXHC,Chinese,4
YBAA,Arabic,3
YDCK,Korean,2
YKWK,Korean,2
ZHAA,Arabic,3
